Workbook

Sheet Inputs
A1: Parameter | B1: Value | C1: Source file / field | D1: Unit
A2: Node_1_PGM | B2: 0.95 | C2: variant_b_nodes_parameters.csv:Node_1_PGM:Reliability_R | D2: probability
A3: Node_2_UltraPure_HF_Main | B3: 0.92 | C3: variant_b_nodes_parameters.csv:Node_2_UltraPure_HF_Main:Reliability_R | D3: probability
A4: Node_3_Monomer | B4: 0.98 | C4: variant_b_nodes_parameters.csv:Node_3_Monomer:Reliability_R | D4: probability
A5: Node_4_Liquid_Nitrogen | B5: 0.96 | C5: variant_b_nodes_parameters.csv:Node_4_Liquid_Nitrogen:Reliability_R | D5: probability
A6: Node_5_Membrane_Reactor | B6: 0.94 | C6: variant_b_nodes_parameters.csv:Node_5_Membrane_Reactor:Reliability_R | D6: probability
A7: C_day | B7: 8 | C7: variant_b_financial_parameters.csv:C_day | D7: USD m/day
A8: C_scrap | B8: 4 | C8: variant_b_financial_parameters.csv:C_scrap | D8: USD m/incident
A9: lognorm_mu | B9: 2.0794 | C9: variant_b_financial_parameters.csv:Lognormal_mu | D9: log days
A10: lognorm_sigma | B10: 0.55 | C10: variant_b_financial_parameters.csv:Lognormal_sigma | D10: dimensionless
A11: HF_backup_R | B11: 0.9 | C11: variant_b_nodes_parameters.csv:HF_Backup:Reliability_R | D11: probability
A12: CAPEX | B12: 6 | C12: variant_b_redundancy_tco.csv:CAPEX_qual | D12: USD m
A13: r_amor | B13: 0.3333 | C13: variant_b_redundancy_tco.csv:r_amor | D13: 1/year
... A15: procurement | B15: 0.6 | C15: variant_b_redundancy_tco.csv:Delta_C_proc | D15: USD m/year

Sheet Baseline
A1: Metric | B1: Formula | C1: Unit
A2: R_sys | B2: =PRODUCT(Inputs!B2:B6) | C2: probability
A3: P_fail | B3: =1-B2 | C3: probability
A4: Impact_med | B4: =Inputs!B7*Downtime!B2+Inputs!B8 | C4: USD m/incident
A5: EL_med | B5: =B3*B4 | C5: USD m/year
A6: EL_lognorm | B6: =B3*(Inputs!B7*Downtime!B3+Inputs!B8) | C6: USD m/year

Sheet Downtime
A1: Metric | B1: Formula | C1: Unit
A2: Median | B2: =EXP(Inputs!B9) | C2: days
A3: Mean | B3: =EXP(Inputs!B9+Inputs!B10^2/2) | C3: days

Sheet Redundancy
A1: Metric | B1: Formula | C1: Unit
A2: R_HF_independent | B2: =1-(1-Inputs!B3)*(1-Inputs!B11) | C2: probability
A3: R_sys_dual | B3: =Inputs!B2*B2*PRODUCT(Inputs!B4:B6) | C3: probability
A4: P_fail_dual | B4: =1-B3 | C4: probability
A5: TCO_annual | B5: =Inputs!B12*Inputs!B13+Inputs!B14+Inputs!B15 | C5: USD m/year
A6: Avoided_EL_lognorm | B6: =(B3-Baseline!B2)*(Inputs!B7*Downtime!B3+Inputs!B8) | C6: USD m/year
A7: Net_effect | B7: =B6-B5 | C7: USD m/year
A8: ROI | B8: =B7/B5 | C8: ratio

Sheet Frechet
A1: Pair | B1: R_a | C1: R_b | D1: rho_min | E1: rho_max | F1: Source
A2: Node_1_PGM / Node_2_UltraPure_HF_Main | B2: 0.95 | C2: 0.92 | D2: =(MAX(0,(1-B2)+(1-C2)-1)-(1-B2)*(1-C2))/SQRT(B2*(1-B2)*C2*(1-C2)) | E2: =(MIN(1-B2,1-C2)-(1-B2)*(1-C2))/SQRT(B2*(1-B2)*C2*(1-C2)) | F2: variant_b_frechet_bounds.csv; formula lecture 5 pp. 10, 20
A3: Node_2_UltraPure_HF_Main / Node_2_UltraPure_HF_Backup | B3: 0.92 | C3: 0.9 | D3: =(MAX(0,(1-B3)+(1-C3)-1)-(1-B3)*(1-C3))/SQRT(B3*(1-B3)*C3*(1-C3)) | E3: =(MIN(1-B3,1-C3)-(1-B3)*(1-C3))/SQRT(B3*(1-B3)*C3*(1-C3)) | F3: variant_b_frechet_bounds.csv; formula lecture 5 pp. 10, 20
A4: Node_3_Monomer / Node_4_Liquid_Nitrogen | B4: 0.98 | C4: 0.96 | D4: =(MAX(0,(1-B4)+(1-C4)-1)-(1-B4)*(1-C4))/SQRT(B4*(1-B4)*C4*(1-C4)) | E4: =(MIN(1-B4,1-C4)-(1-B4)*(1-C4))/SQRT(B4*(1-B4)*C4*(1-C4)) | F4: variant_b_frechet_bounds.csv; formula lecture 5 pp. 10, 20
A5: Node_1_PGM / Node_5_Membrane_Reactor | B5: 0.95 | C5: 0.94 | D5: =(MAX(0,(1-B5)+(1-C5)-1)-(1-B5)*(1-C5))/SQRT(B5*(1-B5)*C5*(1-C5)) | E5: =(MIN(1-B5,1-C5)-(1-B5)*(1-C5))/SQRT(B5*(1-B5)*C5*(1-C5)) | F5: variant_b_frechet_bounds.csv; formula lecture 5 pp. 10, 20

Sheet Cross_Check
A1: Metric | B1: Excel formula link | C1: Unit
A2: R_sys | B2: =Baseline!B2 | C2: probability
A3: P_fail | B3: =Baseline!B3 | C3: probability
A4: t_med | B4: =Downtime!B2 | C4: days
A5: E_T | B5: =Downtime!B3 | C5: days
A6: EL_med | B6: =Baseline!B5 | C6: USD m/year
A7: EL_lognorm | B7: =Baseline!B6 | C7: USD m/year
A8: R_sys_dual | B8: =Redundancy!B3 | C8: probability
A9: TCO | B9: =Redundancy!B5 | C9: USD m/year
